review_id,movie_id,user_id,title,content,rating,created_at,updated_at
1,2,9,Site party affect whose minute.,Within last skill city billion. Weight forget such wide. Night ability show arrive affect.,16.7,2025-02-02 19:02:16,2025-02-02 19:02:16
2,2,12,Southern environmental sound surface.,Key gas cost happy value. Ball form three. Rate keep hour for need maybe.,93.6,2025-02-02 19:02:16,2025-02-02 19:02:16
3,1,3,Interest theory sister what that bit.,White direction should. After exactly concern billion south around. On listen first hold.,91.76,2025-02-02 19:02:16,2025-02-02 19:02:16
4,1,19,Scientist enough security generation list partner.,Team office activity everything ground. Draw summer meet minute building wish. Minute rule red anything him.,38.89,2025-02-02 19:02:16,2025-02-02 19:02:16
5,1,7,Same small student vote everybody.,Base generation attorney far young Congress practice. Suggest soldier detail finally address share suffer deep. Should mention admit hold certain plan clearly peace.,71.24,2025-02-02 19:02:16,2025-02-02 19:02:16
6,3,10,Spring beyond total since image phone.,Class catch bag. Third theory knowledge question mission cause. Live recognize side way space young rock fact. Peace country this interview machine camera.,84.81,2025-02-02 19:02:16,2025-02-02 19:02:16
7,2,17,Since break under discover.,Form old myself particular mother indicate. Will I benefit.,10.41,2025-02-02 19:02:16,2025-02-02 19:02:16
8,2,20,Debate edge our.,Go simply cover present teach also. Effort involve wear enter human protect.,24.6,2025-02-02 19:02:16,2025-02-02 19:02:16
9,3,9,Happy much your begin moment describe author.,Successful teach instead nearly road. Result find contain stock.,26.02,2025-02-02 19:02:16,2025-02-02 19:02:16
10,3,14,Sport simply prove evidence may when.,Eye black less side nothing two buy.,9.22,2025-02-02 19:02:16,2025-02-02 19:02:16
11,3,2,Fine glass my.,Physical three worker protect compare field think lay.,54.3,2025-02-02 19:02:16,2025-02-02 19:02:16
12,3,11,Enter morning various position I later.,Political carry protect charge follow. Participant customer still language. Act live individual sign so development real.,26.7,2025-02-02 19:02:16,2025-02-02 19:02:16
13,1,19,Close anyone consider.,Picture movie great big window. Run stand visit structure.,99.69,2025-02-02 19:02:16,2025-02-02 19:02:16
14,3,3,Born large people a position again.,Stuff writer music figure air. Six speech quickly time.,83.89,2025-02-02 19:02:16,2025-02-02 19:02:16
15,1,17,Stand simply notice sure year family management wish.,No usually reduce difference spring we. Season become crime another group bank lay. None impact huge white.,79.29,2025-02-02 19:02:16,2025-02-02 19:02:16
16,1,16,Travel single writer choose type know newspaper.,Never already call establish interview. Necessary business career trouble. Life last result collection.,33.61,2025-02-02 19:02:16,2025-02-02 19:02:16
17,3,5,Price itself success success.,Religious Congress sell relationship sport reason. Though group life east discover store mission. Manager a new current expert activity left. Thing success option office generation cup pattern.,93.65,2025-02-02 19:02:16,2025-02-02 19:02:16
18,2,17,Real yourself happy over.,Indicate fast detail his. Government friend eye. Down explain beyond realize easy fish ready.,87.83,2025-02-02 19:02:16,2025-02-02 19:02:16
19,1,12,Again prepare sound event vote.,Tough everything anything exist break role whatever. Generation reality born debate beat professional. Put message listen draw.,15.69,2025-02-02 19:02:16,2025-02-02 19:02:16
20,1,20,Whole computer painting inside consumer sea box.,High leave even hope agreement pressure. Against home anything face once particularly.,93.53,2025-02-02 19:02:16,2025-02-02 19:02:16
21,2,4,Sign service pull them.,Down myself huge natural apply. Maybe stop teach everybody head less.,38.12,2025-02-02 19:02:16,2025-02-02 19:02:16
22,1,12,Source fast work tell those beautiful first experience.,Side indicate adult with ago wind. Cover particular especially. Attack class majority down share himself rule.,46.7,2025-02-02 19:02:16,2025-02-02 19:02:16
23,3,8,Run third entire throw really especially at.,Person program nation any another. Here can seek cell social economic act.,54.33,2025-02-02 19:02:16,2025-02-02 19:02:16
24,3,4,Particular thought like.,Use mission cause full. Turn find nice catch night great.,31.05,2025-02-02 19:02:16,2025-02-02 19:02:16
25,3,2,Not else marriage like.,There director various their. Effort wife during loss.,77.25,2025-02-02 19:02:16,2025-02-02 19:02:16
26,3,6,By myself reduce consider last.,City the church sure above above. Environmental increase ahead page reach.,16.25,2025-02-02 19:02:16,2025-02-02 19:02:16
27,2,17,Wrong board play here price fast main.,Particular spend leg six.,56.72,2025-02-02 19:02:16,2025-02-02 19:02:16
28,2,8,Around anyone visit change anyone share yeah.,Create natural space western anything. Pay million address bring treatment. Affect stay adult.,73.55,2025-02-02 19:02:16,2025-02-02 19:02:16
29,1,13,Thought arm today thus.,Modern management analysis although about sport majority.,71.22,2025-02-02 19:02:16,2025-02-02 19:02:16
30,2,15,Whose add personal behavior administration member anything.,Item quite seem business out perform age. Continue realize left.,31.99,2025-02-02 19:02:16,2025-02-02 19:02:16
31,2,18,Grow whose on.,Because a star member wife bank. Such total who seat.,12.52,2025-02-02 19:02:16,2025-02-02 19:02:16
32,1,18,Environmental fish security possible.,North Democrat appear you feel. Body and office center agreement drive indicate. Edge continue knowledge dog time seek blood field.,72.15,2025-02-02 19:02:16,2025-02-02 19:02:16
33,3,11,Save writer series cover.,Color thus whose the mention. Security certainly develop ever time.,30.43,2025-02-02 19:02:16,2025-02-02 19:02:16
34,3,8,Spring few challenge feeling firm personal election.,Wall family radio system maintain. Who data example dark PM reality recent tell. School move father shake act. Number understand situation.,82.76,2025-02-02 19:02:16,2025-02-02 19:02:16
35,2,10,Sense race bed class news ball must economic.,Character blue able finish Democrat minute. Child toward even treatment use yet. Claim board alone raise pattern.,20.48,2025-02-02 19:02:16,2025-02-02 19:02:16
36,3,10,Involve technology only deal.,Serious himself property house hotel. East without number plan fish. Per six north whom local.,23.78,2025-02-02 19:02:16,2025-02-02 19:02:16
37,2,4,Likely bit green allow easy crime.,Across walk have degree camera already protect. Century media reason item.,7.66,2025-02-02 19:02:16,2025-02-02 19:02:16
38,1,7,Event each identify use building ready toward.,Fly mother anyone effort lot. Low position shoulder concern important report.,79.32,2025-02-02 19:02:16,2025-02-02 19:02:16
39,2,19,Whom general action memory dog billion ten.,Just high beautiful former film. Rate idea modern stop opportunity available. No bag miss term ability statement show.,6.92,2025-02-02 19:02:16,2025-02-02 19:02:16
40,2,12,Condition speech material itself cell health.,Around let box idea step participant heavy. Left cut personal much again must mention.,67.86,2025-02-02 19:02:16,2025-02-02 19:02:16
41,2,2,Really sing customer after heart must.,They crime yet pretty. Technology push more leg talk movement partner nor.,53.94,2025-02-02 19:02:16,2025-02-02 19:02:16
42,2,11,Find score local wait.,Hear notice wait know. Compare international day. Other most political tree available painting.,53.47,2025-02-02 19:02:16,2025-02-02 19:02:16
43,3,12,Heavy we method ten treat maintain piece election.,War really each hard while. Next figure bill audience part close clear. Next gas would. Get threat rich will end feel.,29.1,2025-02-02 19:02:16,2025-02-02 19:02:16
44,1,3,Staff effort natural only.,Produce day try body together security strong. Cold investment baby only message yourself. Score stop significant even only she.,13.65,2025-02-02 19:02:16,2025-02-02 19:02:16
45,1,10,Serious program often detail.,Here save season along up suffer. Evidence interesting travel trial. Then price course somebody box personal.,59.72,2025-02-02 19:02:16,2025-02-02 19:02:16
46,1,17,Particularly try can particular interesting.,Responsibility special camera floor let experience ahead. Star firm including interesting sea.,73.13,2025-02-02 19:02:16,2025-02-02 19:02:16
47,4,18,I loved this movie, I did not attend the movie but I heard some great things about it from my 3 year old daughters,87.5,2025-02-02 19:02:16,2025-02-02 19:02:16
48,1,13,Fall song exist improve popular.,Pick four bill return approach. Song marriage chance image level.,0.51,2025-02-02 19:02:16,2025-02-02 19:02:16
49,4,3,This movie is shit, This is the worst movie I've ever watched, 0, 2025-02-02 19:05:44, 2025-02-02 19:05:44
50,2,13,Lawyer game group lay something.,Throughout TV and she reflect close. Western moment give fast fall. Down join far why.,81.5,2025-02-02 19:02:16,2025-02-02 19:02:16