user_id,username,email,password_hash,created_at,updated_at
1,cardenasjohn,daniel50@yahoo.com,t*DHDytF5X67,2025-02-02 18:44:08,2025-02-02 18:44:08
2,jennasavage,elizabethedwards@hotmail.com,y2)WuZQjH#3e,2025-02-02 18:44:08,2025-02-02 18:44:08
3,clinechristopher,crosschristopher@fox.org,17Hb*$A$4_!6,2025-02-02 18:44:08,2025-02-02 18:44:08
4,natasharobinson,anthony72@james-malone.org,ear+Q3wSdI@0,2025-02-02 18:44:08,2025-02-02 18:44:08
5,myersjames,amorrison@hall.com,OuTmqVrv0*0^,2025-02-02 18:44:08,2025-02-02 18:44:08
6,donramos,jwallace@mullins-rodriguez.com,+N$2D8Ix^K!z,2025-02-02 18:44:08,2025-02-02 18:44:08
7,brownshirley,steven28@shepherd-turner.info,Hk07OvOS#)i0,2025-02-02 18:44:08,2025-02-02 18:44:08
8,laurenphillips,donaldspencer@gmail.com,ks0Q0dK2b^+B,2025-02-02 18:44:08,2025-02-02 18:44:08
9,garciaandrea,ianwashington@cummings-durham.com,&zTm1(zR&8A*,2025-02-02 18:44:08,2025-02-02 18:44:08
10,orussell,smithmeagan@yahoo.com,@vQU(WIy_9_!,2025-02-02 18:44:08,2025-02-02 18:44:08
11,mdodson,cartergrant@lewis-welch.net,utGrj^9q@y1p,2025-02-02 18:44:08,2025-02-02 18:44:08
12,coffeytyler,alvarezbarbara@yahoo.com,g3RNdEoa_fHP,2025-02-02 18:44:08,2025-02-02 18:44:08
13,adam26,lmcpherson@walker-wood.com,_tz)Yds0&uk6,2025-02-02 18:44:08,2025-02-02 18:44:08
14,alicia30,ryan33@jones.net,(4F1BfpJC$$S,2025-02-02 18:44:08,2025-02-02 18:44:08
15,qgriffin,montgomeryjaime@vaughn.biz,e0S!U0Iu(iiE,2025-02-02 18:44:08,2025-02-02 18:44:08
16,buckanthony,ingramchelsea@sheppard.com,NEs0p4UfE_Hn,2025-02-02 18:44:08,2025-02-02 18:44:08
17,brittanybailey,shawnporter@yahoo.com,_UPSxYiR191V,2025-02-02 18:44:08,2025-02-02 18:44:08
18,schwartzlisa,tpowers@hotmail.com,cQHSr^!IY%9T,2025-02-02 18:44:08,2025-02-02 18:44:08
19,brittanynguyen,zserrano@hotmail.com,UAhK5QnD%99D,2025-02-02 18:44:08,2025-02-02 18:44:08
20,butlerrebecca,bgarcia@jones-ross.info,M(10Qjx%@_*A,2025-02-02 18:44:08,2025-02-02 18:44:08
